first_name,last_name,title,category_id,category
PENELOPE,GUINESS,ACADEMY DINOSAUR,6,Documentary
PENELOPE,GUINESS,ANACONDA CONFESSIONS,2,Animation
PENELOPE,GUINESS,ANGELS LIFE,13,New
PENELOPE,GUINESS,BULWORTH COMMANDMENTS,10,Games
PENELOPE,GUINESS,CHEAPER CLYDE,14,Sci-Fi
PENELOPE,GUINESS,COLOR PHILADELPHIA,4,Classics
PENELOPE,GUINESS,ELEPHANT TROJAN,11,Horror
PENELOPE,GUINESS,GLEAMING JAWBREAKER,15,Sports
PENELOPE,GUINESS,HUMAN GRAFFITI,10,Games
PENELOPE,GUINESS,KING EVOLUTION,8,Family
PENELOPE,GUINESS,LADY STAGE,11,Horror
PENELOPE,GUINESS,LANGUAGE COWBOY,3,Children
PENELOPE,GUINESS,MULHOLLAND BEAST,9,Foreign
PENELOPE,GUINESS,OKLAHOMA JUMANJI,13,New
PENELOPE,GUINESS,RULES HUMAN,11,Horror
PENELOPE,GUINESS,SPLASH GUMP,8,Family
PENELOPE,GUINESS,VERTIGO NORTHWEST,5,Comedy
PENELOPE,GUINESS,WESTWARD SEABISCUIT,4,Classics
PENELOPE,GUINESS,WIZARD COLDBLOODED,12,Music
NICK,WAHLBERG,ADAPTATION HOLES,6,Documentary
NICK,WAHLBERG,APACHE DIVINE,8,Family
NICK,WAHLBERG,BABY HALL,9,Foreign
NICK,WAHLBERG,BULL SHAWSHANK,1,Action
NICK,WAHLBERG,CHAINSAW UPTOWN,14,Sci-Fi
NICK,WAHLBERG,CHISUM BEHAVIOR,8,Family
NICK,WAHLBERG,DESTINY SATURDAY,13,New
NICK,WAHLBERG,DRACULA CRYSTAL,4,Classics
NICK,WAHLBERG,FIGHT JAWBREAKER,2,Animation
NICK,WAHLBERG,FLASH WARS,13,New
NICK,WAHLBERG,GILBERT PELICAN,4,Classics
NICK,WAHLBERG,GOODFELLAS SALUTE,14,Sci-Fi
NICK,WAHLBERG,HAPPINESS UNITED,9,Foreign
NICK,WAHLBERG,INDIAN LOVE,8,Family
NICK,WAHLBERG,JEKYLL FROGMEN,13,New
NICK,WAHLBERG,JERSEY SASSY,3,Children
NICK,WAHLBERG,LIAISONS SWEET,16,Travel
NICK,WAHLBERG,LUCKY FLYING,12,Music
NICK,WAHLBERG,MAGUIRE APACHE,8,Family
NICK,WAHLBERG,MALLRATS UNITED,5,Comedy
NICK,WAHLBERG,MASK PEACH,13,New
NICK,WAHLBERG,ROOF CHAMPION,10,Games
NICK,WAHLBERG,RUSHMORE MERMAID,5,Comedy
NICK,WAHLBERG,SMILE EARRING,16,Travel
NICK,WAHLBERG,WARDROBE PHANTOM,7,Drama
ED,CHASE,ALONE TRIP,12,Music
ED,CHASE,ARMY FLINTSTONES,6,Documentary
ED,CHASE,ARTIST COLDBLOODED,15,Sports
ED,CHASE,BOONDOCK BALLROOM,16,Travel
ED,CHASE,CADDYSHACK JEDI,1,Action
ED,CHASE,COWBOY DOOM,9,Foreign
ED,CHASE,EVE RESURRECTION,13,New
ED,CHASE,FORREST SONS,1,Action
ED,CHASE,FRENCH HOLIDAY,6,Documentary
ED,CHASE,FROST HEAD,4,Classics
ED,CHASE,HALLOWEEN NUTS,6,Documentary
ED,CHASE,HUNTER ALTER,6,Documentary
ED,CHASE,IMAGE PRINCESS,15,Sports
ED,CHASE,JEEPERS WEDDING,4,Classics
ED,CHASE,LUCK OPUS,7,Drama
ED,CHASE,NECKLACE OUTBREAK,7,Drama
ED,CHASE,PLATOON INSTINCT,13,New
ED,CHASE,SPICE SORORITY,7,Drama
ED,CHASE,WEDDING APOLLO,6,Documentary
ED,CHASE,WEEKEND PERSONAL,14,Sci-Fi
ED,CHASE,WHALE BIKINI,9,Foreign
ED,CHASE,YOUNG LANGUAGE,6,Documentary
JENNIFER,DAVIS,ANACONDA CONFESSIONS,2,Animation
JENNIFER,DAVIS,ANGELS LIFE,13,New
JENNIFER,DAVIS,BAREFOOT MANCHURIAN,1,Action
JENNIFER,DAVIS,BED HIGHBALL,6,Documentary
JENNIFER,DAVIS,BLADE POLISH,7,Drama
JENNIFER,DAVIS,BOONDOCK BALLROOM,16,Travel
JENNIFER,DAVIS,GHOSTBUSTERS ELF,2,Animation
JENNIFER,DAVIS,GREEDY ROOTS,7,Drama
JENNIFER,DAVIS,HANOVER GALAXY,12,Music
JENNIFER,DAVIS,INSTINCT AIRPORT,15,Sports
JENNIFER,DAVIS,JUMANJI BLADE,13,New
JENNIFER,DAVIS,NATIONAL STORY,6,Documentary
JENNIFER,DAVIS,OKLAHOMA JUMANJI,13,New
JENNIFER,DAVIS,POSEIDON FOREVER,15,Sports
JENNIFER,DAVIS,RAIDERS ANTITRUST,6,Documentary
JENNIFER,DAVIS,RANDOM GO,14,Sci-Fi
JENNIFER,DAVIS,REDS POCUS,12,Music
JENNIFER,DAVIS,SILVERADO GOLDFINGER,14,Sci-Fi
JENNIFER,DAVIS,SPLASH GUMP,8,Family
JENNIFER,DAVIS,SUBMARINE BED,5,Comedy
JENNIFER,DAVIS,TREASURE COMMAND,11,Horror
JENNIFER,DAVIS,UNFORGIVEN ZOOLANDER,14,Sci-Fi
JOHNNY,LOLLOBRIGIDA,AMADEUS HOLY,1,Action
JOHNNY,LOLLOBRIGIDA,BANGER PINOCCHIO,12,Music
JOHNNY,LOLLOBRIGIDA,BONNIE HOLOCAUST,6,Documentary
JOHNNY,LOLLOBRIGIDA,CHITTY LOCK,7,Drama
JOHNNY,LOLLOBRIGIDA,COMMANDMENTS EXPRESS,11,Horror
JOHNNY,LOLLOBRIGIDA,CONEHEADS SMOOCHY,7,Drama
JOHNNY,LOLLOBRIGIDA,DADDY PITTSBURGH,5,Comedy
JOHNNY,LOLLOBRIGIDA,DAISY MENAGERIE,14,Sci-Fi
JOHNNY,LOLLOBRIGIDA,ENOUGH RAGING,16,Travel
JOHNNY,LOLLOBRIGIDA,ESCAPE METROPOLIS,16,Travel
JOHNNY,LOLLOBRIGIDA,FIRE WOLVES,10,Games
JOHNNY,LOLLOBRIGIDA,FRONTIER CABIN,13,New
JOHNNY,LOLLOBRIGIDA,GOODFELLAS SALUTE,14,Sci-Fi
JOHNNY,LOLLOBRIGIDA,GRAIL FRANKENSTEIN,1,Action
JOHNNY,LOLLOBRIGIDA,GROOVE FICTION,15,Sports
JOHNNY,LOLLOBRIGIDA,HALL CASSIDY,3,Children
JOHNNY,LOLLOBRIGIDA,HEAVENLY GUN,12,Music
JOHNNY,LOLLOBRIGIDA,KRAMER CHOCOLATE,15,Sports
JOHNNY,LOLLOBRIGIDA,LOVE SUICIDES,11,Horror
JOHNNY,LOLLOBRIGIDA,METAL ARMAGEDDON,6,Documentary
JOHNNY,LOLLOBRIGIDA,PACIFIC AMISTAD,6,Documentary
JOHNNY,LOLLOBRIGIDA,PATTON INTERVIEW,11,Horror
JOHNNY,LOLLOBRIGIDA,POCUS PULP,6,Documentary
JOHNNY,LOLLOBRIGIDA,RIDGEMONT SUBMARINE,13,New
JOHNNY,LOLLOBRIGIDA,RINGS HEARTBREAKERS,1,Action
JOHNNY,LOLLOBRIGIDA,SMILE EARRING,16,Travel
JOHNNY,LOLLOBRIGIDA,SOLDIERS EVOLUTION,14,Sci-Fi
JOHNNY,LOLLOBRIGIDA,STAR OPERATION,15,Sports
JOHNNY,LOLLOBRIGIDA,SUNRISE LEAGUE,2,Animation
BETTE,NICHOLSON,ANTITRUST TOMATOES,1,Action
BETTE,NICHOLSON,BANG KWAI,8,Family
BETTE,NICHOLSON,BEAST HUNCHBACK,4,Classics
BETTE,NICHOLSON,BIKINI BORROWERS,2,Animation
BETTE,NICHOLSON,CALENDAR GUNFIGHT,9,Foreign
BETTE,NICHOLSON,COAST RAINBOW,6,Documentary
BETTE,NICHOLSON,COLDBLOODED DARLING,14,Sci-Fi
BETTE,NICHOLSON,CROSSROADS CASUALTIES,2,Animation
BETTE,NICHOLSON,DROP WATERFRONT,15,Sports
BETTE,NICHOLSON,IGBY MAKER,16,Travel
BETTE,NICHOLSON,KRAMER CHOCOLATE,15,Sports
BETTE,NICHOLSON,LANGUAGE COWBOY,3,Children
BETTE,NICHOLSON,LESSON CLEOPATRA,15,Sports
BETTE,NICHOLSON,LIBERTY MAGNIFICENT,15,Sports
BETTE,NICHOLSON,MULHOLLAND BEAST,9,Foreign
BETTE,NICHOLSON,POTLUCK MIXED,2,Animation
BETTE,NICHOLSON,SPEED SUIT,16,Travel
BETTE,NICHOLSON,TITANIC BOONDOCK,2,Animation
BETTE,NICHOLSON,TRADING PINOCCHIO,15,Sports
BETTE,NICHOLSON,WYOMING STORM,13,New
GRACE,MOSTEL,ANGELS LIFE,13,New
GRACE,MOSTEL,ANONYMOUS HUMAN,15,Sports
GRACE,MOSTEL,ARACHNOPHOBIA ROLLERCOASTER,11,Horror
GRACE,MOSTEL,BERETS AGENT,1,Action
GRACE,MOSTEL,BREAKING HOME,13,New
GRACE,MOSTEL,COMMAND DARLING,9,Foreign
GRACE,MOSTEL,CONFESSIONS MAGUIRE,7,Drama
GRACE,MOSTEL,DAZED PUNK,10,Games
GRACE,MOSTEL,DECEIVER BETRAYED,7,Drama
GRACE,MOSTEL,DESTINATION JERK,7,Drama
GRACE,MOSTEL,EXCITEMENT EVE,1,Action
GRACE,MOSTEL,GASLIGHT CRUSADE,11,Horror
GRACE,MOSTEL,HELLFIGHTERS SIERRA,9,Foreign
GRACE,MOSTEL,INSTINCT AIRPORT,15,Sports
GRACE,MOSTEL,MALKOVICH PET,4,Classics
GRACE,MOSTEL,NECKLACE OUTBREAK,7,Drama
GRACE,MOSTEL,OCTOBER SUBMARINE,4,Classics
GRACE,MOSTEL,OPEN AFRICAN,14,Sci-Fi
GRACE,MOSTEL,POSEIDON FOREVER,15,Sports
GRACE,MOSTEL,SAINTS BRIDE,7,Drama
GRACE,MOSTEL,SAVANNAH TOWN,7,Drama
GRACE,MOSTEL,SCISSORHANDS SLUMS,9,Foreign
GRACE,MOSTEL,SLEEPLESS MONSOON,2,Animation
GRACE,MOSTEL,SLEEPY JAPANESE,13,New
GRACE,MOSTEL,STING PERSONAL,13,New
GRACE,MOSTEL,TOWN ARK,9,Foreign
GRACE,MOSTEL,TRACY CIDER,2,Animation
GRACE,MOSTEL,TREATMENT JEKYLL,7,Drama
GRACE,MOSTEL,WAR NOTTING,9,Foreign
GRACE,MOSTEL,WARLOCK WEREWOLF,3,Children
MATTHEW,JOHANSSON,BABY HALL,9,Foreign
MATTHEW,JOHANSSON,CAMPUS REMEMBER,1,Action
MATTHEW,JOHANSSON,CLONES PINOCCHIO,12,Music
MATTHEW,JOHANSSON,CONQUERER NUTS,7,Drama
MATTHEW,JOHANSSON,CROWDS TELEMARK,14,Sci-Fi
MATTHEW,JOHANSSON,DANCES NONE,1,Action
MATTHEW,JOHANSSON,DRIVING POLISH,12,Music
MATTHEW,JOHANSSON,DURHAM PANKY,15,Sports
MATTHEW,JOHANSSON,FLASH WARS,13,New
MATTHEW,JOHANSSON,HANGING DEEP,7,Drama
MATTHEW,JOHANSSON,INDIAN LOVE,8,Family
MATTHEW,JOHANSSON,LIGHTS DEER,4,Classics
MATTHEW,JOHANSSON,LOSER HUSTLER,15,Sports
MATTHEW,JOHANSSON,MALKOVICH PET,4,Classics
MATTHEW,JOHANSSON,RUNNER MADIGAN,12,Music
MATTHEW,JOHANSSON,SCHOOL JACKET,9,Foreign
MATTHEW,JOHANSSON,SCORPION APOLLO,7,Drama
MATTHEW,JOHANSSON,SUGAR WONKA,2,Animation
MATTHEW,JOHANSSON,TOMORROW HUSTLER,4,Classics
MATTHEW,JOHANSSON,VANISHING ROCKY,12,Music
JOE,SWANK,ANYTHING SAVANNAH,11,Horror
JOE,SWANK,BIRCH ANTITRUST,12,Music
JOE,SWANK,CHOCOLAT HARRY,8,Family
JOE,SWANK,CHOCOLATE DUCK,9,Foreign
JOE,SWANK,CROOKED FROGMEN,3,Children
JOE,SWANK,CURTAIN VIDEOTAPE,10,Games
JOE,SWANK,DALMATIONS SWEDEN,7,Drama
JOE,SWANK,HORROR REIGN,16,Travel
JOE,SWANK,LAWLESS VISION,2,Animation
JOE,SWANK,LEBOWSKI SOLDIERS,7,Drama
JOE,SWANK,MAJESTIC FLOATS,6,Documentary
JOE,SWANK,PACIFIC AMISTAD,6,Documentary
JOE,SWANK,PERDITION FARGO,15,Sports
JOE,SWANK,PRIMARY GLASS,1,Action
JOE,SWANK,REEF SALUTE,11,Horror
JOE,SWANK,RUNNER MADIGAN,12,Music
JOE,SWANK,SMILE EARRING,16,Travel
JOE,SWANK,SNATCHERS MONTEZUMA,4,Classics
JOE,SWANK,SUNRISE LEAGUE,2,Animation
JOE,SWANK,SWEETHEARTS SUSPECTS,3,Children
JOE,SWANK,TIES HUNGER,3,Children
JOE,SWANK,TRAFFIC HOBBIT,16,Travel
JOE,SWANK,UNTOUCHABLES SUNRISE,6,Documentary
JOE,SWANK,WATERFRONT DELIVERANCE,1,Action
JOE,SWANK,WILD APOLLO,13,New
CHRISTIAN,GABLE,ACADEMY DINOSAUR,6,Documentary
CHRISTIAN,GABLE,ALABAMA DEVIL,11,Horror
CHRISTIAN,GABLE,CROOKED FROGMEN,3,Children
CHRISTIAN,GABLE,DIVINE RESURRECTION,10,Games
CHRISTIAN,GABLE,DRAGONFLY STRANGERS,13,New
CHRISTIAN,GABLE,GOLDFINGER SENSIBILITY,7,Drama
CHRISTIAN,GABLE,JAWBREAKER BROOKLYN,12,Music
CHRISTIAN,GABLE,JEEPERS WEDDING,4,Classics
CHRISTIAN,GABLE,LIFE TWISTED,5,Comedy
CHRISTIAN,GABLE,LORD ARIZONA,1,Action
CHRISTIAN,GABLE,MOD SECRETARY,6,Documentary
CHRISTIAN,GABLE,PREJUDICE OLEANDER,4,Classics
CHRISTIAN,GABLE,PUNK DIVORCE,2,Animation
CHRISTIAN,GABLE,REAP UNFAITHFUL,11,Horror
CHRISTIAN,GABLE,SHAKESPEARE SADDLE,15,Sports
CHRISTIAN,GABLE,TROUBLE DATE,16,Travel
CHRISTIAN,GABLE,USUAL UNTOUCHABLES,9,Foreign
CHRISTIAN,GABLE,VACATION BOONDOCK,14,Sci-Fi
CHRISTIAN,GABLE,WATERFRONT DELIVERANCE,1,Action
CHRISTIAN,GABLE,WEDDING APOLLO,6,Documentary
CHRISTIAN,GABLE,WIZARD COLDBLOODED,12,Music
CHRISTIAN,GABLE,WON DARES,12,Music
ZERO,CAGE,CANYON STOCK,2,Animation
ZERO,CAGE,DANCES NONE,1,Action
ZERO,CAGE,ENCINO ELF,10,Games
ZERO,CAGE,ENDING CROWDS,13,New
ZERO,CAGE,GANDHI KWAI,8,Family
ZERO,CAGE,GODFATHER DIARY,13,New
ZERO,CAGE,HANDICAP BOONDOCK,1,Action
ZERO,CAGE,HONEY TIES,15,Sports
ZERO,CAGE,HORN WORKING,2,Animation
ZERO,CAGE,IMAGE PRINCESS,15,Sports
ZERO,CAGE,JERSEY SASSY,3,Children
ZERO,CAGE,LOSER HUSTLER,15,Sports
ZERO,CAGE,MEET CHOCOLATE,9,Foreign
ZERO,CAGE,MOD SECRETARY,6,Documentary
ZERO,CAGE,MOONWALKER FOOL,10,Games
ZERO,CAGE,OLEANDER CLUE,12,Music
ZERO,CAGE,RACER EGG,7,Drama
ZERO,CAGE,STORY SIDE,1,Action
ZERO,CAGE,STRANGERS GRAFFITI,11,Horror
ZERO,CAGE,THIN SAGEBRUSH,6,Documentary
ZERO,CAGE,TOOTSIE PILOT,3,Children
ZERO,CAGE,UPTOWN YOUNG,3,Children
ZERO,CAGE,VELVET TERMINATOR,5,Comedy
ZERO,CAGE,WEST LION,7,Drama
ZERO,CAGE,WORKER TARZAN,16,Travel
KARL,BERRY,ALLEY EVOLUTION,9,Foreign
KARL,BERRY,ALONE TRIP,12,Music
KARL,BERRY,ARABIA DOGMA,11,Horror
KARL,BERRY,ARIZONA BANG,4,Classics
KARL,BERRY,BOUND CHEAPER,4,Classics
KARL,BERRY,BOWFINGER GABLES,11,Horror
KARL,BERRY,BUNCH MINDS,7,Drama
KARL,BERRY,CLEOPATRA DEVIL,13,New
KARL,BERRY,CONNECTICUT TRAMP,14,Sci-Fi
KARL,BERRY,DARES PLUTO,2,Animation
KARL,BERRY,DATE SPEED,8,Family
KARL,BERRY,DAY UNFAITHFUL,13,New
KARL,BERRY,DOORS PRESIDENT,2,Animation
KARL,BERRY,FURY MURDER,3,Children
KARL,BERRY,HARDLY ROBBERS,6,Documentary
KARL,BERRY,HIGHBALL POTTER,9,Foreign
KARL,BERRY,HOLES BRANNIGAN,15,Sports
KARL,BERRY,INDEPENDENCE HOTEL,6,Documentary
KARL,BERRY,LEATHERNECKS DWARFS,16,Travel
KARL,BERRY,LUCKY FLYING,12,Music
KARL,BERRY,MONTEREY LABYRINTH,11,Horror
KARL,BERRY,NOVOCAINE FLIGHT,15,Sports
KARL,BERRY,OKLAHOMA JUMANJI,13,New
KARL,BERRY,PERFECT GROOVE,5,Comedy
KARL,BERRY,REAP UNFAITHFUL,11,Horror
KARL,BERRY,REUNION WITCHES,7,Drama
KARL,BERRY,SMOKING BARBARELLA,6,Documentary
KARL,BERRY,STAGECOACH ARMAGEDDON,1,Action
KARL,BERRY,SWEDEN SHINING,5,Comedy
KARL,BERRY,TELEMARK HEARTBREAKERS,2,Animation
KARL,BERRY,VIRGINIAN PLUTO,6,Documentary
UMA,WOOD,ALONE TRIP,12,Music
UMA,WOOD,ANTITRUST TOMATOES,1,Action
UMA,WOOD,ATTRACTION NEWTON,13,New
UMA,WOOD,BOONDOCK BALLROOM,16,Travel
UMA,WOOD,CABIN FLASH,3,Children
UMA,WOOD,CHINATOWN GLADIATOR,13,New
UMA,WOOD,CLASH FREDDY,2,Animation
UMA,WOOD,CLUELESS BUCKET,1,Action
UMA,WOOD,DAISY MENAGERIE,14,Sci-Fi
UMA,WOOD,DRIVER ANNIE,15,Sports
UMA,WOOD,FRIDA SLIPPER,9,Foreign
UMA,WOOD,GALAXY SWEETHEARTS,4,Classics
UMA,WOOD,GRINCH MASSAGE,10,Games
UMA,WOOD,GROUNDHOG UNCUT,5,Comedy
UMA,WOOD,HOMEWARD CIDER,6,Documentary
UMA,WOOD,INCH JET,2,Animation
UMA,WOOD,LEATHERNECKS DWARFS,16,Travel
UMA,WOOD,LEGALLY SECRETARY,3,Children
UMA,WOOD,LIFE TWISTED,5,Comedy
UMA,WOOD,LION UNCUT,5,Comedy
UMA,WOOD,LOLITA WORLD,8,Family
UMA,WOOD,METAL ARMAGEDDON,6,Documentary
UMA,WOOD,MODEL FISH,3,Children
UMA,WOOD,MOONWALKER FOOL,10,Games
UMA,WOOD,MOTIONS DETAILS,11,Horror
UMA,WOOD,REBEL AIRPORT,12,Music
UMA,WOOD,RIDER CADDYSHACK,15,Sports
UMA,WOOD,SNOWMAN ROLLERCOASTER,2,Animation
UMA,WOOD,SOLDIERS EVOLUTION,14,Sci-Fi
UMA,WOOD,SPLASH GUMP,8,Family
UMA,WOOD,SPLENDOR PATTON,3,Children
UMA,WOOD,STEEL SANTA,4,Classics
UMA,WOOD,TORQUE BOUND,7,Drama
UMA,WOOD,WEDDING APOLLO,6,Documentary
UMA,WOOD,ZHIVAGO CORE,11,Horror
VIVIEN,BERGEN,CLASH FREDDY,2,Animation
VIVIEN,BERGEN,CRANES RESERVOIR,15,Sports
VIVIEN,BERGEN,DIRTY ACE,10,Games
VIVIEN,BERGEN,DONNIE ALLEY,2,Animation
VIVIEN,BERGEN,DRIFTER COMMANDMENTS,1,Action
VIVIEN,BERGEN,DRIVING POLISH,12,Music
VIVIEN,BERGEN,DRUMS DYNAMITE,11,Horror
VIVIEN,BERGEN,ENEMY ODDS,12,Music
VIVIEN,BERGEN,EXCITEMENT EVE,1,Action
VIVIEN,BERGEN,GORGEOUS BINGO,3,Children
VIVIEN,BERGEN,HIGH ENCINO,11,Horror
VIVIEN,BERGEN,HILLS NEIGHBORS,1,Action
VIVIEN,BERGEN,HOBBIT ALIEN,7,Drama
VIVIEN,BERGEN,IMPACT ALADDIN,12,Music
VIVIEN,BERGEN,ITALIAN AFRICAN,16,Travel
VIVIEN,BERGEN,JAPANESE RUN,11,Horror
VIVIEN,BERGEN,KENTUCKIAN GIANT,11,Horror
VIVIEN,BERGEN,LOVELY JINGLE,4,Classics
VIVIEN,BERGEN,LOVER TRUMAN,4,Classics
VIVIEN,BERGEN,MUSSOLINI SPOILERS,15,Sports
VIVIEN,BERGEN,POLISH BROOKLYN,3,Children
VIVIEN,BERGEN,SALUTE APOLLO,13,New
VIVIEN,BERGEN,SATURDAY LAMBS,15,Sports
VIVIEN,BERGEN,STOCK GLASS,13,New
VIVIEN,BERGEN,STREETCAR INTENTIONS,11,Horror
VIVIEN,BERGEN,TIGHTS DAWN,15,Sports
VIVIEN,BERGEN,TRAP GUYS,9,Foreign
VIVIEN,BERGEN,TYCOON GATHERING,10,Games
VIVIEN,BERGEN,VOICE PEACH,13,New
VIVIEN,BERGEN,WESTWARD SEABISCUIT,4,Classics
CUBA,OLIVIER,APACHE DIVINE,8,Family
CUBA,OLIVIER,BORROWERS BEDAZZLED,2,Animation
CUBA,OLIVIER,BOUND CHEAPER,4,Classics
CUBA,OLIVIER,BUTCH PANTHER,13,New
CUBA,OLIVIER,CASSIDY WYOMING,16,Travel
CUBA,OLIVIER,DIVINE RESURRECTION,10,Games
CUBA,OLIVIER,EGYPT TENENBAUMS,11,Horror
CUBA,OLIVIER,EMPIRE MALKOVICH,3,Children
CUBA,OLIVIER,FLYING HOOK,2,Animation
CUBA,OLIVIER,FUGITIVE MAGUIRE,16,Travel
CUBA,OLIVIER,HELLFIGHTERS SIERRA,9,Foreign
CUBA,OLIVIER,HYDE DOCTOR,4,Classics
CUBA,OLIVIER,KISS GLORY,9,Foreign
CUBA,OLIVIER,KNOCK WARLOCK,5,Comedy
CUBA,OLIVIER,LUKE MUMMY,2,Animation
CUBA,OLIVIER,MAKER GABLES,3,Children
CUBA,OLIVIER,MONTEZUMA COMMAND,1,Action
CUBA,OLIVIER,NOON PAPI,3,Children
CUBA,OLIVIER,OKLAHOMA JUMANJI,13,New
CUBA,OLIVIER,ROSES TREASURE,15,Sports
CUBA,OLIVIER,SHANE DARKNESS,16,Travel
CUBA,OLIVIER,SIEGE MADRE,8,Family
CUBA,OLIVIER,SOLDIERS EVOLUTION,14,Sci-Fi
CUBA,OLIVIER,THEORY MERMAID,2,Animation
CUBA,OLIVIER,UNFORGIVEN ZOOLANDER,14,Sci-Fi
CUBA,OLIVIER,VOLCANO TEXAS,10,Games
CUBA,OLIVIER,WEREWOLF LOLA,1,Action
CUBA,OLIVIER,WONDERLAND CHRISTMAS,14,Sci-Fi
FRED,COSTNER,BLANKET BEVERLY,8,Family
FRED,COSTNER,BOONDOCK BALLROOM,16,Travel
FRED,COSTNER,BROTHERHOOD BLANKET,6,Documentary
FRED,COSTNER,CAROL TEXAS,2,Animation
FRED,COSTNER,CLEOPATRA DEVIL,13,New
FRED,COSTNER,CONNECTICUT TRAMP,14,Sci-Fi
FRED,COSTNER,DECEIVER BETRAYED,7,Drama
FRED,COSTNER,DELIVERANCE MULHOLLAND,6,Documentary
FRED,COSTNER,EAGLES PANKY,13,New
FRED,COSTNER,EARRING INSTINCT,8,Family
FRED,COSTNER,EASY GLADIATOR,1,Action
FRED,COSTNER,EMPIRE MALKOVICH,3,Children
FRED,COSTNER,ENTRAPMENT SATISFACTION,1,Action
FRED,COSTNER,GABLES METROPOLIS,8,Family
FRED,COSTNER,HUMAN GRAFFITI,10,Games
FRED,COSTNER,IMAGE PRINCESS,15,Sports
FRED,COSTNER,IMPOSSIBLE PREJUDICE,9,Foreign
FRED,COSTNER,INCH JET,2,Animation
FRED,COSTNER,KRAMER CHOCOLATE,15,Sports
FRED,COSTNER,MAGNIFICENT CHITTY,4,Classics
FRED,COSTNER,MIRACLE VIRTUAL,2,Animation
FRED,COSTNER,MISSION ZOOLANDER,2,Animation
FRED,COSTNER,REAR TRADING,1,Action
FRED,COSTNER,SAINTS BRIDE,7,Drama
FRED,COSTNER,SENSE GREEK,15,Sports
FRED,COSTNER,THEORY MERMAID,2,Animation
FRED,COSTNER,WEEKEND PERSONAL,14,Sci-Fi
HELEN,VOIGHT,BREAKING HOME,13,New
HELEN,VOIGHT,CAPER MOTIONS,5,Comedy
HELEN,VOIGHT,CASPER DRAGONFLY,3,Children
HELEN,VOIGHT,CAT CONEHEADS,5,Comedy
HELEN,VOIGHT,CLASH FREDDY,2,Animation
HELEN,VOIGHT,CUPBOARD SINNERS,6,Documentary
HELEN,VOIGHT,CYCLONE FAMILY,9,Foreign
HELEN,VOIGHT,DIVINE RESURRECTION,10,Games
HELEN,VOIGHT,EMPIRE MALKOVICH,3,Children
HELEN,VOIGHT,FEVER EMPIRE,10,Games
HELEN,VOIGHT,FIDELITY DEVIL,11,Horror
HELEN,VOIGHT,GREATEST NORTH,12,Music
HELEN,VOIGHT,INDEPENDENCE HOTEL,6,Documentary
HELEN,VOIGHT,IRON MOON,4,Classics
HELEN,VOIGHT,JAWS HARRY,5,Comedy
HELEN,VOIGHT,KISS GLORY,9,Foreign
HELEN,VOIGHT,LEGALLY SECRETARY,3,Children
HELEN,VOIGHT,LIES TREATMENT,7,Drama
HELEN,VOIGHT,MICROCOSMOS PARADISE,3,Children
HELEN,VOIGHT,MOVIE SHAKESPEARE,8,Family
HELEN,VOIGHT,MUMMY CREATURES,15,Sports
HELEN,VOIGHT,ROAD ROXANNE,6,Documentary
HELEN,VOIGHT,SCISSORHANDS SLUMS,9,Foreign
HELEN,VOIGHT,SIDE ARK,1,Action
HELEN,VOIGHT,SINNERS ATLANTIS,11,Horror
HELEN,VOIGHT,STRANGER STRANGERS,3,Children
HELEN,VOIGHT,SWEETHEARTS SUSPECTS,3,Children
HELEN,VOIGHT,TADPOLE PARK,4,Classics
HELEN,VOIGHT,TELEMARK HEARTBREAKERS,2,Animation
HELEN,VOIGHT,VOICE PEACH,13,New
HELEN,VOIGHT,WAR NOTTING,9,Foreign
HELEN,VOIGHT,WARLOCK WEREWOLF,3,Children
DAN,TORN,ATTACKS HATE,14,Sci-Fi
DAN,TORN,BOILED DARES,16,Travel
DAN,TORN,CHINATOWN GLADIATOR,13,New
DAN,TORN,CONEHEADS SMOOCHY,7,Drama
DAN,TORN,EARLY HOME,2,Animation
DAN,TORN,ELIZABETH SHANE,15,Sports
DAN,TORN,EMPIRE MALKOVICH,3,Children
DAN,TORN,FLASH WARS,13,New
DAN,TORN,GUMP DATE,16,Travel
DAN,TORN,INNOCENT USUAL,9,Foreign
DAN,TORN,INSIDER ARIZONA,12,Music
DAN,TORN,JERK PAYCHECK,4,Classics
DAN,TORN,LOVELY JINGLE,4,Classics
DAN,TORN,MASK PEACH,13,New
DAN,TORN,MUSSOLINI SPOILERS,15,Sports
DAN,TORN,REAR TRADING,1,Action
DAN,TORN,SLING LUKE,4,Classics
DAN,TORN,STATE WASTELAND,10,Games
DAN,TORN,SUN CONFESSIONS,14,Sci-Fi
DAN,TORN,TEQUILA PAST,3,Children
DAN,TORN,TUXEDO MILE,15,Sports
DAN,TORN,VIRGIN DAISY,7,Drama
BOB,FAWCETT,ACE GOLDFINGER,11,Horror
BOB,FAWCETT,ADAPTATION HOLES,6,Documentary
BOB,FAWCETT,CHINATOWN GLADIATOR,13,New
BOB,FAWCETT,CIRCUS YOUTH,3,Children
BOB,FAWCETT,CONTROL ANTHEM,5,Comedy
BOB,FAWCETT,DARES PLUTO,2,Animation
BOB,FAWCETT,DARN FORRESTER,1,Action
BOB,FAWCETT,DAZED PUNK,10,Games
BOB,FAWCETT,DYNAMITE TARZAN,4,Classics
BOB,FAWCETT,HATE HANDICAP,5,Comedy
BOB,FAWCETT,HOMICIDE PEACH,8,Family
BOB,FAWCETT,JACKET FRISCO,7,Drama
BOB,FAWCETT,JUMANJI BLADE,13,New
BOB,FAWCETT,LAWLESS VISION,2,Animation
BOB,FAWCETT,LEATHERNECKS DWARFS,16,Travel
BOB,FAWCETT,OSCAR GOLD,2,Animation
BOB,FAWCETT,PELICAN COMFORTS,6,Documentary
BOB,FAWCETT,PERSONAL LADYBUGS,12,Music
BOB,FAWCETT,RAGING AIRPLANE,14,Sci-Fi
BOB,FAWCETT,RUN PACIFIC,13,New
BOB,FAWCETT,RUNNER MADIGAN,12,Music
BOB,FAWCETT,SADDLE ANTITRUST,5,Comedy
BOB,FAWCETT,SCORPION APOLLO,7,Drama
BOB,FAWCETT,SHAWSHANK BUBBLE,16,Travel
BOB,FAWCETT,TAXI KICK,12,Music
LUCILLE,TRACY,ACADEMY DINOSAUR,6,Documentary
LUCILLE,TRACY,BANGER PINOCCHIO,12,Music
LUCILLE,TRACY,BEDAZZLED MARRIED,8,Family
LUCILLE,TRACY,CHEAPER CLYDE,14,Sci-Fi
LUCILLE,TRACY,CHITTY LOCK,7,Drama
LUCILLE,TRACY,COLDBLOODED DARLING,14,Sci-Fi
LUCILLE,TRACY,DINOSAUR SECRETARY,8,Family
LUCILLE,TRACY,DOORS PRESIDENT,2,Animation
LUCILLE,TRACY,EARRING INSTINCT,8,Family
LUCILLE,TRACY,EGG IGBY,6,Documentary
LUCILLE,TRACY,GANDHI KWAI,8,Family
LUCILLE,TRACY,GOLDFINGER SENSIBILITY,7,Drama
LUCILLE,TRACY,HYDE DOCTOR,4,Classics
LUCILLE,TRACY,JAWS HARRY,5,Comedy
LUCILLE,TRACY,JUNGLE CLOSER,13,New
LUCILLE,TRACY,KING EVOLUTION,8,Family
LUCILLE,TRACY,LOLA AGENT,11,Horror
LUCILLE,TRACY,LOSE INCH,9,Foreign
LUCILLE,TRACY,LOVERBOY ATTACKS,13,New
LUCILLE,TRACY,MODERN DORADO,6,Documentary
LUCILLE,TRACY,ORIENT CLOSER,7,Drama
LUCILLE,TRACY,PAJAMA JAWBREAKER,4,Classics
LUCILLE,TRACY,PATIENT SISTER,4,Classics
LUCILLE,TRACY,RANDOM GO,14,Sci-Fi
LUCILLE,TRACY,REAR TRADING,1,Action
LUCILLE,TRACY,SAGEBRUSH CLUELESS,6,Documentary
LUCILLE,TRACY,SHANGHAI TYCOON,16,Travel
LUCILLE,TRACY,SUN CONFESSIONS,14,Sci-Fi
LUCILLE,TRACY,WASTELAND DIVINE,4,Classics
LUCILLE,TRACY,WINDOW SIDE,16,Travel
KIRSTEN,PALTROW,AGENT TRUMAN,9,Foreign
KIRSTEN,PALTROW,BOONDOCK BALLROOM,16,Travel
KIRSTEN,PALTROW,BORN SPINAL,16,Travel
KIRSTEN,PALTROW,CHICKEN HELLFIGHTERS,6,Documentary
KIRSTEN,PALTROW,CLOSER BANG,5,Comedy
KIRSTEN,PALTROW,CONQUERER NUTS,7,Drama
KIRSTEN,PALTROW,DRIFTER COMMANDMENTS,1,Action
KIRSTEN,PALTROW,ENCINO ELF,10,Games
KIRSTEN,PALTROW,FLASH WARS,13,New
KIRSTEN,PALTROW,HANOVER GALAXY,12,Music
KIRSTEN,PALTROW,HOME PITY,12,Music
KIRSTEN,PALTROW,HONEY TIES,15,Sports
KIRSTEN,PALTROW,KILL BROTHERHOOD,6,Documentary
KIRSTEN,PALTROW,LADYBUGS ARMAGEDDON,10,Games
KIRSTEN,PALTROW,LORD ARIZONA,1,Action
KIRSTEN,PALTROW,PINOCCHIO SIMON,5,Comedy
KIRSTEN,PALTROW,PLUTO OLEANDER,13,New
KIRSTEN,PALTROW,PRIX UNDEFEATED,8,Family
KIRSTEN,PALTROW,PULP BEVERLY,11,Horror
KIRSTEN,PALTROW,RIVER OUTLAW,15,Sports
KIRSTEN,PALTROW,ROAD ROXANNE,6,Documentary
KIRSTEN,PALTROW,SILVERADO GOLDFINGER,14,Sci-Fi
KIRSTEN,PALTROW,SLEEPING SUSPECTS,11,Horror
KIRSTEN,PALTROW,THIEF PELICAN,2,Animation
KIRSTEN,PALTROW,TITANS JERK,14,Sci-Fi
KIRSTEN,PALTROW,UNBREAKABLE KARATE,13,New
KIRSTEN,PALTROW,WON DARES,12,Music
ELVIS,MARX,ALABAMA DEVIL,11,Horror
ELVIS,MARX,ANACONDA CONFESSIONS,2,Animation
ELVIS,MARX,BAREFOOT MANCHURIAN,1,Action
ELVIS,MARX,BORROWERS BEDAZZLED,2,Animation
ELVIS,MARX,CADDYSHACK JEDI,1,Action
ELVIS,MARX,CHITTY LOCK,7,Drama
ELVIS,MARX,EVOLUTION ALTER,15,Sports
ELVIS,MARX,EXPECATIONS NATURAL,16,Travel
ELVIS,MARX,GANGS PRIDE,2,Animation
ELVIS,MARX,GOODFELLAS SALUTE,14,Sci-Fi
ELVIS,MARX,HOBBIT ALIEN,7,Drama
ELVIS,MARX,HOOK CHARIOTS,2,Animation
ELVIS,MARX,JERICHO MULAN,10,Games
ELVIS,MARX,JUMPING WRATH,3,Children
ELVIS,MARX,KENTUCKIAN GIANT,11,Horror
ELVIS,MARX,LOVELY JINGLE,4,Classics
ELVIS,MARX,MOTIONS DETAILS,11,Horror
ELVIS,MARX,ODDS BOOGIE,8,Family
ELVIS,MARX,OUTLAW HANKY,16,Travel
ELVIS,MARX,POLISH BROOKLYN,3,Children
ELVIS,MARX,RIGHT CRANES,4,Classics
ELVIS,MARX,ROOF CHAMPION,10,Games
ELVIS,MARX,SEATTLE EXPECATIONS,7,Drama
ELVIS,MARX,SKY MIRACLE,1,Action
ELVIS,MARX,TROJAN TOMORROW,14,Sci-Fi
ELVIS,MARX,WATERFRONT DELIVERANCE,1,Action
SANDRA,KILMER,AGENT TRUMAN,9,Foreign
SANDRA,KILMER,ARTIST COLDBLOODED,15,Sports
SANDRA,KILMER,BLACKOUT PRIVATE,2,Animation
SANDRA,KILMER,BULL SHAWSHANK,1,Action
SANDRA,KILMER,CANDIDATE PERDITION,4,Classics
SANDRA,KILMER,CANDLES GRAPES,10,Games
SANDRA,KILMER,CASSIDY WYOMING,16,Travel
SANDRA,KILMER,DARN FORRESTER,1,Action
SANDRA,KILMER,DESTINY SATURDAY,13,New
SANDRA,KILMER,DIVIDE MONSTER,14,Sci-Fi
SANDRA,KILMER,DRIVER ANNIE,15,Sports
SANDRA,KILMER,GOLDMINE TYCOON,14,Sci-Fi
SANDRA,KILMER,GORGEOUS BINGO,3,Children
SANDRA,KILMER,HELLFIGHTERS SIERRA,9,Foreign
SANDRA,KILMER,HOCUS FRIDA,8,Family
SANDRA,KILMER,HOTEL HAPPINESS,9,Foreign
SANDRA,KILMER,IDENTITY LOVER,14,Sci-Fi
SANDRA,KILMER,JUMPING WRATH,3,Children
SANDRA,KILMER,LOVELY JINGLE,4,Classics
SANDRA,KILMER,MAGNOLIA FORRESTER,1,Action
SANDRA,KILMER,OLEANDER CLUE,12,Music
SANDRA,KILMER,OZ LIAISONS,2,Animation
SANDRA,KILMER,PERSONAL LADYBUGS,12,Music
SANDRA,KILMER,POSEIDON FOREVER,15,Sports
SANDRA,KILMER,SAVANNAH TOWN,7,Drama
SANDRA,KILMER,SHAKESPEARE SADDLE,15,Sports
SANDRA,KILMER,SLEEPING SUSPECTS,11,Horror
SANDRA,KILMER,SONS INTERVIEW,2,Animation
SANDRA,KILMER,SPEED SUIT,16,Travel
SANDRA,KILMER,SPLENDOR PATTON,3,Children
SANDRA,KILMER,STATE WASTELAND,10,Games
SANDRA,KILMER,STRANGER STRANGERS,3,Children
SANDRA,KILMER,STREAK RIDGEMONT,6,Documentary
SANDRA,KILMER,STREETCAR INTENTIONS,11,Horror
SANDRA,KILMER,VANISHED GARDEN,13,New
SANDRA,KILMER,WOLVES DESIRE,16,Travel
SANDRA,KILMER,YOUTH KICK,12,Music
CAMERON,STREEP,ADAPTATION HOLES,6,Documentary
CAMERON,STREEP,BLUES INSTINCT,8,Family
CAMERON,STREEP,CALENDAR GUNFIGHT,9,Foreign
CAMERON,STREEP,CASUALTIES ENCINO,1,Action
CAMERON,STREEP,CHOCOLATE DUCK,9,Foreign
CAMERON,STREEP,COAST RAINBOW,6,Documentary
CAMERON,STREEP,CONNECTION MICROCOSMOS,5,Comedy
CAMERON,STREEP,CROW GREASE,1,Action
CAMERON,STREEP,CUPBOARD SINNERS,6,Documentary
CAMERON,STREEP,DOOM DANCING,5,Comedy
CAMERON,STREEP,DROP WATERFRONT,15,Sports
CAMERON,STREEP,ELEPHANT TROJAN,11,Horror
CAMERON,STREEP,FREEDOM CLEOPATRA,5,Comedy
CAMERON,STREEP,HAUNTED ANTITRUST,16,Travel
CAMERON,STREEP,INSTINCT AIRPORT,15,Sports
CAMERON,STREEP,LEGALLY SECRETARY,3,Children
CAMERON,STREEP,MOB DUFFEL,7,Drama
CAMERON,STREEP,MOVIE SHAKESPEARE,8,Family
CAMERON,STREEP,PANIC CLUB,11,Horror
CAMERON,STREEP,PURE RUNNER,5,Comedy
CAMERON,STREEP,SEVEN SWARM,10,Games
CAMERON,STREEP,SPINAL ROCKY,8,Family
CAMERON,STREEP,SPLASH GUMP,8,Family
CAMERON,STREEP,WEST LION,7,Drama
KEVIN,BLOOM,AMERICAN CIRCUS,1,Action
KEVIN,BLOOM,BOOGIE AMELIE,12,Music
KEVIN,BLOOM,CITIZEN SHREK,14,Sci-Fi
KEVIN,BLOOM,CONQUERER NUTS,7,Drama
KEVIN,BLOOM,DALMATIONS SWEDEN,7,Drama
KEVIN,BLOOM,DATE SPEED,8,Family
KEVIN,BLOOM,DESTINY SATURDAY,13,New
KEVIN,BLOOM,DOUBLE WRATH,2,Animation
KEVIN,BLOOM,FICTION CHRISTMAS,9,Foreign
KEVIN,BLOOM,HATE HANDICAP,5,Comedy
KEVIN,BLOOM,HEAVENLY GUN,12,Music
KEVIN,BLOOM,HOLES BRANNIGAN,15,Sports
KEVIN,BLOOM,LOVERBOY ATTACKS,13,New
KEVIN,BLOOM,MASSAGE IMAGE,2,Animation
KEVIN,BLOOM,MISSION ZOOLANDER,2,Animation
KEVIN,BLOOM,MUMMY CREATURES,15,Sports
KEVIN,BLOOM,POLISH BROOKLYN,3,Children
KEVIN,BLOOM,PRIMARY GLASS,1,Action
KEVIN,BLOOM,SABRINA MIDNIGHT,3,Children
KEVIN,BLOOM,SWEDEN SHINING,5,Comedy
KEVIN,BLOOM,TROUBLE DATE,16,Travel
RIP,CRAWFORD,ALABAMA DEVIL,11,Horror
RIP,CRAWFORD,AMERICAN CIRCUS,1,Action
RIP,CRAWFORD,ARABIA DOGMA,11,Horror
RIP,CRAWFORD,BOULEVARD MOB,13,New
RIP,CRAWFORD,BRANNIGAN SUNRISE,13,New
RIP,CRAWFORD,BUCKET BROTHERHOOD,16,Travel
RIP,CRAWFORD,CHOCOLAT HARRY,8,Family
RIP,CRAWFORD,CRAFT OUTFIELD,7,Drama
RIP,CRAWFORD,CYCLONE FAMILY,9,Foreign
RIP,CRAWFORD,DESTINATION JERK,7,Drama
RIP,CRAWFORD,DONNIE ALLEY,2,Animation
RIP,CRAWFORD,FOOL MOCKINGBIRD,1,Action
RIP,CRAWFORD,FORREST SONS,1,Action
RIP,CRAWFORD,FRONTIER CABIN,13,New
RIP,CRAWFORD,GABLES METROPOLIS,8,Family
RIP,CRAWFORD,GUYS FALCON,14,Sci-Fi
RIP,CRAWFORD,HALL CASSIDY,3,Children
RIP,CRAWFORD,LONELY ELEPHANT,5,Comedy
RIP,CRAWFORD,MADISON TRAP,6,Documentary
RIP,CRAWFORD,MASSAGE IMAGE,2,Animation
RIP,CRAWFORD,OKLAHOMA JUMANJI,13,New
RIP,CRAWFORD,OSCAR GOLD,2,Animation
RIP,CRAWFORD,PITTSBURGH HUNCHBACK,8,Family
RIP,CRAWFORD,POLISH BROOKLYN,3,Children
RIP,CRAWFORD,RANGE MOONWALKER,8,Family
RIP,CRAWFORD,RINGS HEARTBREAKERS,1,Action
RIP,CRAWFORD,SAINTS BRIDE,7,Drama
RIP,CRAWFORD,SATURDAY LAMBS,15,Sports
RIP,CRAWFORD,SIEGE MADRE,8,Family
RIP,CRAWFORD,SORORITY QUEEN,9,Foreign
RIP,CRAWFORD,TEXAS WATCH,11,Horror
RIP,CRAWFORD,TRAIN BUNCH,11,Horror
RIP,CRAWFORD,TRAMP OTHERS,5,Comedy
JULIA,MCQUEEN,AMADEUS HOLY,1,Action
JULIA,MCQUEEN,ARABIA DOGMA,11,Horror
JULIA,MCQUEEN,BONNIE HOLOCAUST,6,Documentary
JULIA,MCQUEEN,CIDER DESIRE,6,Documentary
JULIA,MCQUEEN,CONEHEADS SMOOCHY,7,Drama
JULIA,MCQUEEN,EFFECT GLADIATOR,8,Family
JULIA,MCQUEEN,FREDDY STORM,11,Horror
JULIA,MCQUEEN,GAMES BOWFINGER,16,Travel
JULIA,MCQUEEN,GLADIATOR WESTWARD,8,Family
JULIA,MCQUEEN,HANOVER GALAXY,12,Music
JULIA,MCQUEEN,HIGH ENCINO,11,Horror
JULIA,MCQUEEN,INSIDER ARIZONA,12,Music
JULIA,MCQUEEN,JAWBREAKER BROOKLYN,12,Music
JULIA,MCQUEEN,KISS GLORY,9,Foreign
JULIA,MCQUEEN,KRAMER CHOCOLATE,15,Sports
JULIA,MCQUEEN,LUCKY FLYING,12,Music
JULIA,MCQUEEN,MOCKINGBIRD HOLLYWOOD,1,Action
JULIA,MCQUEEN,MONTEREY LABYRINTH,11,Horror
JULIA,MCQUEEN,OPEN AFRICAN,14,Sci-Fi
JULIA,MCQUEEN,PILOT HOOSIERS,8,Family
JULIA,MCQUEEN,PITTSBURGH HUNCHBACK,8,Family
JULIA,MCQUEEN,PRESIDENT BANG,8,Family
JULIA,MCQUEEN,SCORPION APOLLO,7,Drama
JULIA,MCQUEEN,SLEEPLESS MONSOON,2,Animation
JULIA,MCQUEEN,SPIRIT FLINTSTONES,11,Horror
JULIA,MCQUEEN,STRANGERS GRAFFITI,11,Horror
JULIA,MCQUEEN,SWEETHEARTS SUSPECTS,3,Children
JULIA,MCQUEEN,TELEMARK HEARTBREAKERS,2,Animation
JULIA,MCQUEEN,TIES HUNGER,3,Children
JULIA,MCQUEEN,TRAIN BUNCH,11,Horror
JULIA,MCQUEEN,WEEKEND PERSONAL,14,Sci-Fi
JULIA,MCQUEEN,WONKA SEA,2,Animation
JULIA,MCQUEEN,YOUNG LANGUAGE,6,Documentary
WOODY,HOFFMAN,ALICE FANTASIA,4,Classics
WOODY,HOFFMAN,ATLANTIS CAUSE,8,Family
WOODY,HOFFMAN,BEACH HEARTBREAKERS,6,Documentary
WOODY,HOFFMAN,BIRCH ANTITRUST,12,Music
WOODY,HOFFMAN,BREAKING HOME,13,New
WOODY,HOFFMAN,BUNCH MINDS,7,Drama
WOODY,HOFFMAN,DUCK RACER,2,Animation
WOODY,HOFFMAN,DURHAM PANKY,15,Sports
WOODY,HOFFMAN,ENTRAPMENT SATISFACTION,1,Action
WOODY,HOFFMAN,GILMORE BOILED,4,Classics
WOODY,HOFFMAN,KNOCK WARLOCK,5,Comedy
WOODY,HOFFMAN,LAMBS CINCINATTI,10,Games
WOODY,HOFFMAN,LOSER HUSTLER,15,Sports
WOODY,HOFFMAN,MAIDEN HOME,13,New
WOODY,HOFFMAN,MIDNIGHT WESTWARD,1,Action
WOODY,HOFFMAN,MOONWALKER FOOL,10,Games
WOODY,HOFFMAN,NEIGHBORS CHARADE,15,Sports
WOODY,HOFFMAN,NONE SPIKING,14,Sci-Fi
WOODY,HOFFMAN,PAJAMA JAWBREAKER,4,Classics
WOODY,HOFFMAN,PILOT HOOSIERS,8,Family
WOODY,HOFFMAN,ROOM ROMAN,2,Animation
WOODY,HOFFMAN,SHOOTIST SUPERFLY,7,Drama
WOODY,HOFFMAN,SHRUNK DIVINE,1,Action
WOODY,HOFFMAN,SNOWMAN ROLLERCOASTER,2,Animation
WOODY,HOFFMAN,SPICE SORORITY,7,Drama
WOODY,HOFFMAN,SPY MILE,10,Games
WOODY,HOFFMAN,TELEGRAPH VOYAGE,12,Music
WOODY,HOFFMAN,TRAP GUYS,9,Foreign
WOODY,HOFFMAN,WAIT CIDER,2,Animation
WOODY,HOFFMAN,WIFE TURN,6,Documentary
WOODY,HOFFMAN,WYOMING STORM,13,New
ALEC,WAYNE,ALADDIN CALENDAR,15,Sports
ALEC,WAYNE,BLADE POLISH,7,Drama
ALEC,WAYNE,BULL SHAWSHANK,1,Action
ALEC,WAYNE,CABIN FLASH,3,Children
ALEC,WAYNE,CENTER DINOSAUR,4,Classics
ALEC,WAYNE,CHAMBER ITALIAN,12,Music
ALEC,WAYNE,CONEHEADS SMOOCHY,7,Drama
ALEC,WAYNE,DESTINY SATURDAY,13,New
ALEC,WAYNE,EFFECT GLADIATOR,8,Family
ALEC,WAYNE,ENCOUNTERS CURTAIN,7,Drama
ALEC,WAYNE,EXPRESS LONELY,14,Sci-Fi
ALEC,WAYNE,FICTION CHRISTMAS,9,Foreign
ALEC,WAYNE,FREEDOM CLEOPATRA,5,Comedy
ALEC,WAYNE,FUGITIVE MAGUIRE,16,Travel
ALEC,WAYNE,HOURS RAGE,13,New
ALEC,WAYNE,HUSTLER PARTY,5,Comedy
ALEC,WAYNE,IDENTITY LOVER,14,Sci-Fi
ALEC,WAYNE,INSIDER ARIZONA,12,Music
ALEC,WAYNE,JEOPARDY ENCINO,4,Classics
ALEC,WAYNE,JOON NORTHWEST,15,Sports
ALEC,WAYNE,LIBERTY MAGNIFICENT,15,Sports
ALEC,WAYNE,MAGIC MALLRATS,3,Children
ALEC,WAYNE,MONEY HAROLD,13,New
ALEC,WAYNE,OUTBREAK DIVINE,10,Games
ALEC,WAYNE,REIGN GENTLEMEN,14,Sci-Fi
ALEC,WAYNE,SMOKING BARBARELLA,6,Documentary
ALEC,WAYNE,SUMMER SCARFACE,4,Classics
ALEC,WAYNE,UPTOWN YOUNG,3,Children
ALEC,WAYNE,VIRGIN DAISY,7,Drama
SANDRA,PECK,ACADEMY DINOSAUR,6,Documentary
SANDRA,PECK,BANG KWAI,8,Family
SANDRA,PECK,BEETHOVEN EXORCIST,7,Drama
SANDRA,PECK,BEVERLY OUTLAW,14,Sci-Fi
SANDRA,PECK,BIRDS PERDITION,13,New
SANDRA,PECK,BOONDOCK BALLROOM,16,Travel
SANDRA,PECK,DUDE BLINDNESS,15,Sports
SANDRA,PECK,DUMBO LUST,8,Family
SANDRA,PECK,ENOUGH RAGING,16,Travel
SANDRA,PECK,EXCITEMENT EVE,1,Action
SANDRA,PECK,FAMILY SWEET,11,Horror
SANDRA,PECK,FIREHOUSE VIETNAM,1,Action
SANDRA,PECK,FLASH WARS,13,New
SANDRA,PECK,GILBERT PELICAN,4,Classics
SANDRA,PECK,MATRIX SNOWMAN,9,Foreign
SANDRA,PECK,RINGS HEARTBREAKERS,1,Action
SANDRA,PECK,SILENCE KANE,12,Music
SANDRA,PECK,STAGECOACH ARMAGEDDON,1,Action
SANDRA,PECK,VIRGINIAN PLUTO,6,Documentary
SISSY,SOBIESKI,BORN SPINAL,16,Travel
SISSY,SOBIESKI,CHITTY LOCK,7,Drama
SISSY,SOBIESKI,CLYDE THEORY,13,New
SISSY,SOBIESKI,COAST RAINBOW,6,Documentary
SISSY,SOBIESKI,CRAZY HOME,5,Comedy
SISSY,SOBIESKI,FACTORY DRAGON,16,Travel
SISSY,SOBIESKI,FERRIS MOTHER,5,Comedy
SISSY,SOBIESKI,GONE TROUBLE,7,Drama
SISSY,SOBIESKI,GREEK EVERYONE,9,Foreign
SISSY,SOBIESKI,HOOSIERS BIRDCAGE,9,Foreign
SISSY,SOBIESKI,MOB DUFFEL,7,Drama
SISSY,SOBIESKI,OPEN AFRICAN,14,Sci-Fi
SISSY,SOBIESKI,PRIX UNDEFEATED,8,Family
SISSY,SOBIESKI,ROCKY WAR,7,Drama
SISSY,SOBIESKI,SHRUNK DIVINE,1,Action
SISSY,SOBIESKI,SKY MIRACLE,1,Action
SISSY,SOBIESKI,TELEMARK HEARTBREAKERS,2,Animation
SISSY,SOBIESKI,WISDOM WORKER,5,Comedy
TIM,HACKMAN,BEHAVIOR RUNAWAY,11,Horror
TIM,HACKMAN,BOILED DARES,16,Travel
TIM,HACKMAN,BUCKET BROTHERHOOD,16,Travel
TIM,HACKMAN,CALENDAR GUNFIGHT,9,Foreign
TIM,HACKMAN,CHAPLIN LICENSE,13,New
TIM,HACKMAN,CRUSADE HONEY,15,Sports
TIM,HACKMAN,CUPBOARD SINNERS,6,Documentary
TIM,HACKMAN,DEEP CRUSADE,6,Documentary
TIM,HACKMAN,FEUD FROGMEN,8,Family
TIM,HACKMAN,FIDDLER LOST,14,Sci-Fi
TIM,HACKMAN,HAROLD FRENCH,7,Drama
TIM,HACKMAN,HOMEWARD CIDER,6,Documentary
TIM,HACKMAN,HOOSIERS BIRDCAGE,9,Foreign
TIM,HACKMAN,LIGHTS DEER,4,Classics
TIM,HACKMAN,MEET CHOCOLATE,9,Foreign
TIM,HACKMAN,MOB DUFFEL,7,Drama
TIM,HACKMAN,MUMMY CREATURES,15,Sports
TIM,HACKMAN,PACKER MADIGAN,2,Animation
TIM,HACKMAN,PEACH INNOCENT,15,Sports
TIM,HACKMAN,PEARL DESTINY,9,Foreign
TIM,HACKMAN,SNATCHERS MONTEZUMA,4,Classics
TIM,HACKMAN,UPTOWN YOUNG,3,Children
TIM,HACKMAN,WIZARD COLDBLOODED,12,Music
MILLA,PECK,BAREFOOT MANCHURIAN,1,Action
MILLA,PECK,CALENDAR GUNFIGHT,9,Foreign
MILLA,PECK,CHANCE RESURRECTION,15,Sports
MILLA,PECK,CLASH FREDDY,2,Animation
MILLA,PECK,DAUGHTER MADIGAN,3,Children
MILLA,PECK,DREAM PICKUP,1,Action
MILLA,PECK,FATAL HAUNTED,13,New
MILLA,PECK,FEATHERS METAL,10,Games
MILLA,PECK,JACKET FRISCO,7,Drama
MILLA,PECK,JUGGLER HARDLY,2,Animation
MILLA,PECK,MIDNIGHT WESTWARD,1,Action
MILLA,PECK,NECKLACE OUTBREAK,7,Drama
MILLA,PECK,PEACH INNOCENT,15,Sports
MILLA,PECK,PREJUDICE OLEANDER,4,Classics
MILLA,PECK,RAIDERS ANTITRUST,6,Documentary
MILLA,PECK,ROBBERS JOON,3,Children
MILLA,PECK,ROCK INSTINCT,11,Horror
MILLA,PECK,RUSHMORE MERMAID,5,Comedy
MILLA,PECK,SEATTLE EXPECATIONS,7,Drama
MILLA,PECK,TEEN APOLLO,16,Travel
MILLA,PECK,TEMPLE ATTRACTION,11,Horror
MILLA,PECK,WATERSHIP FRONTIER,11,Horror
MILLA,PECK,WHISPERER GIANT,14,Sci-Fi
MILLA,PECK,WRONG BEHAVIOR,3,Children
AUDREY,OLIVIER,ATLANTIS CAUSE,8,Family
AUDREY,OLIVIER,BOULEVARD MOB,13,New
AUDREY,OLIVIER,CAPER MOTIONS,5,Comedy
AUDREY,OLIVIER,CASSIDY WYOMING,16,Travel
AUDREY,OLIVIER,CONEHEADS SMOOCHY,7,Drama
AUDREY,OLIVIER,CONTROL ANTHEM,5,Comedy
AUDREY,OLIVIER,DORADO NOTTING,12,Music
AUDREY,OLIVIER,FRENCH HOLIDAY,6,Documentary
AUDREY,OLIVIER,GUNFIGHTER MUSSOLINI,15,Sports
AUDREY,OLIVIER,HALLOWEEN NUTS,6,Documentary
AUDREY,OLIVIER,HUMAN GRAFFITI,10,Games
AUDREY,OLIVIER,KANE EXORCIST,9,Foreign
AUDREY,OLIVIER,KNOCK WARLOCK,5,Comedy
AUDREY,OLIVIER,LOATHING LEGALLY,4,Classics
AUDREY,OLIVIER,PEAK FOREVER,15,Sports
AUDREY,OLIVIER,REDEMPTION COMFORTS,13,New
AUDREY,OLIVIER,SENSE GREEK,15,Sports
AUDREY,OLIVIER,SHIP WONDERLAND,6,Documentary
AUDREY,OLIVIER,SIDE ARK,1,Action
AUDREY,OLIVIER,SQUAD FISH,15,Sports
AUDREY,OLIVIER,STING PERSONAL,13,New
AUDREY,OLIVIER,STRANGER STRANGERS,3,Children
AUDREY,OLIVIER,USUAL UNTOUCHABLES,9,Foreign
AUDREY,OLIVIER,VOLUME HOUSE,4,Classics
AUDREY,OLIVIER,WHALE BIKINI,9,Foreign
JUDY,DEAN,ALADDIN CALENDAR,15,Sports
JUDY,DEAN,ARACHNOPHOBIA ROLLERCOASTER,11,Horror
JUDY,DEAN,BALLROOM MOCKINGBIRD,9,Foreign
JUDY,DEAN,CYCLONE FAMILY,9,Foreign
JUDY,DEAN,DROP WATERFRONT,15,Sports
JUDY,DEAN,GUNFIGHTER MUSSOLINI,15,Sports
JUDY,DEAN,MODERN DORADO,6,Documentary
JUDY,DEAN,MUSSOLINI SPOILERS,15,Sports
JUDY,DEAN,NASH CHOCOLAT,2,Animation
JUDY,DEAN,QUEST MUSSOLINI,1,Action
JUDY,DEAN,RINGS HEARTBREAKERS,1,Action
JUDY,DEAN,ROCKETEER MOTHER,9,Foreign
JUDY,DEAN,RUGRATS SHAKESPEARE,1,Action
JUDY,DEAN,SOLDIERS EVOLUTION,14,Sci-Fi
JUDY,DEAN,TROUBLE DATE,16,Travel
BURT,DUKAKIS,ALIEN CENTER,9,Foreign
BURT,DUKAKIS,BLINDNESS GUN,14,Sci-Fi
BURT,DUKAKIS,COMMANDMENTS EXPRESS,11,Horror
BURT,DUKAKIS,DINOSAUR SECRETARY,8,Family
BURT,DUKAKIS,DOUBLE WRATH,2,Animation
BURT,DUKAKIS,ENDING CROWDS,13,New
BURT,DUKAKIS,GREEK EVERYONE,9,Foreign
BURT,DUKAKIS,GRINCH MASSAGE,10,Games
BURT,DUKAKIS,GUN BONNIE,10,Games
BURT,DUKAKIS,GUYS FALCON,14,Sci-Fi
BURT,DUKAKIS,HEAVEN FREEDOM,5,Comedy
BURT,DUKAKIS,HOME PITY,12,Music
BURT,DUKAKIS,HOMEWARD CIDER,6,Documentary
BURT,DUKAKIS,IMAGE PRINCESS,15,Sports
BURT,DUKAKIS,INTOLERABLE INTENTIONS,6,Documentary
BURT,DUKAKIS,JERK PAYCHECK,4,Classics
BURT,DUKAKIS,KANE EXORCIST,9,Foreign
BURT,DUKAKIS,KING EVOLUTION,8,Family
BURT,DUKAKIS,MENAGERIE RUSHMORE,2,Animation
BURT,DUKAKIS,MONEY HAROLD,13,New
BURT,DUKAKIS,MOTIONS DETAILS,11,Horror
BURT,DUKAKIS,RANDOM GO,14,Sci-Fi
BURT,DUKAKIS,RANGE MOONWALKER,8,Family
BURT,DUKAKIS,REAP UNFAITHFUL,11,Horror
BURT,DUKAKIS,RIGHT CRANES,4,Classics
BURT,DUKAKIS,TALENTED HOMICIDE,15,Sports
BURT,DUKAKIS,TRUMAN CRAZY,1,Action
BURT,DUKAKIS,VALENTINE VANISHING,16,Travel
BURT,DUKAKIS,WANDA CHAMBER,10,Games
VAL,BOLGER,ALADDIN CALENDAR,15,Sports
VAL,BOLGER,ALASKA PHANTOM,12,Music
VAL,BOLGER,AMADEUS HOLY,1,Action
VAL,BOLGER,CANYON STOCK,2,Animation
VAL,BOLGER,CAPER MOTIONS,5,Comedy
VAL,BOLGER,CARRIE BUNCH,11,Horror
VAL,BOLGER,CHITTY LOCK,7,Drama
VAL,BOLGER,DALMATIONS SWEDEN,7,Drama
VAL,BOLGER,DRIFTER COMMANDMENTS,1,Action
VAL,BOLGER,DUDE BLINDNESS,15,Sports
VAL,BOLGER,ELEPHANT TROJAN,11,Horror
VAL,BOLGER,FIREBALL PHILADELPHIA,5,Comedy
VAL,BOLGER,INTRIGUE WORST,9,Foreign
VAL,BOLGER,JAWBREAKER BROOKLYN,12,Music
VAL,BOLGER,JERSEY SASSY,3,Children
VAL,BOLGER,LAMBS CINCINATTI,10,Games
VAL,BOLGER,LONELY ELEPHANT,5,Comedy
VAL,BOLGER,MAKER GABLES,3,Children
VAL,BOLGER,MALLRATS UNITED,5,Comedy
VAL,BOLGER,METROPOLIS COMA,14,Sci-Fi
VAL,BOLGER,MODEL FISH,3,Children
VAL,BOLGER,PATHS CONTROL,7,Drama
VAL,BOLGER,PATIENT SISTER,4,Classics
VAL,BOLGER,PREJUDICE OLEANDER,4,Classics
VAL,BOLGER,PRIMARY GLASS,1,Action
VAL,BOLGER,SHAWSHANK BUBBLE,16,Travel
VAL,BOLGER,STALLION SUNDANCE,14,Sci-Fi
VAL,BOLGER,STAMPEDE DISTURBING,10,Games
VAL,BOLGER,STRANGER STRANGERS,3,Children
VAL,BOLGER,TOWN ARK,9,Foreign
VAL,BOLGER,UNITED PILOT,6,Documentary
VAL,BOLGER,WATCH TRACY,2,Animation
VAL,BOLGER,WEDDING APOLLO,6,Documentary
VAL,BOLGER,WORKING MICROCOSMOS,16,Travel
VAL,BOLGER,YOUTH KICK,12,Music
TOM,MCKELLEN,ANALYZE HOOSIERS,11,Horror
TOM,MCKELLEN,CADDYSHACK JEDI,1,Action
TOM,MCKELLEN,CLUB GRAFFITI,2,Animation
TOM,MCKELLEN,CONGENIALITY QUEST,15,Sports
TOM,MCKELLEN,DESIRE ALIEN,2,Animation
TOM,MCKELLEN,DONNIE ALLEY,2,Animation
TOM,MCKELLEN,EGG IGBY,6,Documentary
TOM,MCKELLEN,FREEDOM CLEOPATRA,5,Comedy
TOM,MCKELLEN,FRISCO FORREST,14,Sci-Fi
TOM,MCKELLEN,GENTLEMEN STAGE,9,Foreign
TOM,MCKELLEN,IDAHO LOVE,13,New
TOM,MCKELLEN,IDOLS SNATCHERS,3,Children
TOM,MCKELLEN,INDIAN LOVE,8,Family
TOM,MCKELLEN,KISSING DOLLS,1,Action
TOM,MCKELLEN,LEGEND JEDI,12,Music
TOM,MCKELLEN,MAGIC MALLRATS,3,Children
TOM,MCKELLEN,MISSION ZOOLANDER,2,Animation
TOM,MCKELLEN,NECKLACE OUTBREAK,7,Drama
TOM,MCKELLEN,NEIGHBORS CHARADE,15,Sports
TOM,MCKELLEN,PURPLE MOVIE,9,Foreign
TOM,MCKELLEN,SHRUNK DIVINE,1,Action
TOM,MCKELLEN,SPICE SORORITY,7,Drama
TOM,MCKELLEN,STALLION SUNDANCE,14,Sci-Fi
TOM,MCKELLEN,STRANGER STRANGERS,3,Children
TOM,MCKELLEN,TARZAN VIDEOTAPE,11,Horror
GOLDIE,BRODY,BILKO ANONYMOUS,8,Family
GOLDIE,BRODY,BINGO TALENTED,14,Sci-Fi
GOLDIE,BRODY,COMANCHEROS ENEMY,3,Children
GOLDIE,BRODY,DAISY MENAGERIE,14,Sci-Fi
GOLDIE,BRODY,DESERT POSEIDON,11,Horror
GOLDIE,BRODY,EVERYONE CRAFT,9,Foreign
GOLDIE,BRODY,EXORCIST STING,15,Sports
